Price,Open,High,Low,Close,ATR,ATR_TICKS
Ticker,RTY=F,RTY=F,RTY=F,RTY=F,,
Date,,,,,,
2025-05-05,2026.800048828125,2026.9000244140625,2002.300048828125,2010.9000244140625,,
2025-05-06,2010.9000244140625,2012.0,1977.4000244140625,1988.9000244140625,,
2025-05-07,1981.9000244140625,2013.0,1981.0999755859375,1995.300048828125,,
2025-05-08,1996.800048828125,2048.5,1993.5999755859375,2033.300048828125,,
2025-05-09,2031.0,2043.5,2019.9000244140625,2028.800048828125,,
2025-05-12,2074.39990234375,2139.60009765625,2053.800048828125,2100.300048828125,,
2025-05-13,2102.89990234375,2120.0,2086.300048828125,2108.300048828125,,
2025-05-14,2107.0,2109.39990234375,2085.60009765625,2089.199951171875,,
2025-05-15,2088.699951171875,2105.89990234375,2074.300048828125,2101.39990234375,,
2025-05-16,2105.800048828125,2121.60009765625,2097.60009765625,2119.39990234375,,
2025-05-19,2100.89990234375,2110.60009765625,2081.60009765625,2109.5,,
2025-05-20,2106.10009765625,2117.0,2097.10009765625,2110.800048828125,,
2025-05-21,2109.39990234375,2110.800048828125,2046.800048828125,2051.5,,
2025-05-22,2050.199951171875,2062.10009765625,2027.0999755859375,2050.199951171875,39.299961635044646,393.0
2025-05-23,2054.0,2060.0,1981.5,2042.9000244140625,43.14996337890625,431.5
2025-05-27,2043.0,2097.0,2041.300048828125,2093.699951171875,44.6571044921875,446.57
2025-05-28,2096.89990234375,2097.89990234375,2068.800048828125,2072.300048828125,44.45709228515625,444.57
2025-05-29,2071.300048828125,2130.60009765625,2061.199951171875,2078.0,45.49281529017857,454.93
2025-05-30,2075.10009765625,2078.300048828125,2050.89990234375,2068.300048828125,45.764256068638396,457.64
2025-06-02,2060.199951171875,2076.699951171875,2042.199951171875,2073.300048828125,40.31425258091518,403.14
2025-06-03,2073.199951171875,2112.10009765625,2053.800048828125,2106.10009765625,42.071402413504465,420.71
2025-06-04,2106.5,2118.199951171875,2096.89990234375,2100.300048828125,41.892848423549104,418.93
2025-06-05,2099.60009765625,2116.10009765625,2084.699951171875,2099.39990234375,41.87858363560268,418.79
2025-06-06,2098.0,2136.10009765625,2097.699951171875,2133.5,42.90716552734375,429.07
2025-06-09,2136.0,2157.5,2131.39990234375,2147.39990234375,42.07147216796875,420.71
2025-06-10,2147.699951171875,2168.60009765625,2142.5,2159.39990234375,42.51434326171875,425.14
2025-06-11,2159.699951171875,2194.10009765625,2146.800048828125,2150.39990234375,41.32148960658482,413.21
2025-06-12,2147.10009765625,2151.300048828125,2124.60009765625,2141.199951171875,40.72862025669643,407.29
2025-06-13,2139.10009765625,2139.10009765625,2071.800048828125,2101.5,40.07861328125,400.79
2025-06-16,2094.800048828125,2138.0,2087.699951171875,2125.0,39.692905970982146,396.93
2025-06-17,2127.300048828125,2127.5,2098.199951171875,2102.699951171875,39.707205636160715,397.07
2025-06-18,2100.0,2133.0,2091.699951171875,2113.39990234375,37.70005580357143,377.0
2025-06-20,2115.699951171875,2142.5,2075.10009765625,2128.860107421875,40.557181222098215,405.57
2025-06-23,2107.60009765625,2151.0,2098.800048828125,2149.5,41.821463448660715,418.21
2025-06-24,2150.199951171875,2182.800048828125,2148.699951171875,2177.89990234375,40.0928955078125,400.93
2025-06-25,2176.5,2181.5,2149.199951171875,2153.300048828125,40.878609793526785,408.79
2025-06-26,2152.0,2189.60009765625,2149.89990234375,2187.60009765625,41.471470424107146,414.71
2025-06-27,2189.199951171875,2207.0,2173.60009765625,2188.800048828125,41.114310128348215,411.14
2025-06-30,2189.5,2203.199951171875,2186.39990234375,2191.699951171875,40.450020926339285,404.5
2025-07-01,2188.5,2238.800048828125,2174.0,2213.39990234375,43.214303152901785,432.14
2025-07-02,2213.89990234375,2247.699951171875,2207.800048828125,2244.300048828125,42.685721261160715,426.86
2025-07-03,2245.800048828125,2280.0,2244.300048828125,2262.699951171875,43.328578404017854,433.29
2025-07-04,2262.0,2262.0,2235.699951171875,2239.0,40.300013950892854,403.0
2025-07-07,2256.10009765625,2260.60009765625,2214.89990234375,2229.10009765625,39.97145298549107,399.71
2025-07-08,2223.60009765625,2254.89990234375,2219.10009765625,2245.10009765625,40.435721261160715,404.36
2025-07-09,2244.89990234375,2270.699951171875,2233.60009765625,2268.39990234375,40.135707310267854,401.36
2025-07-10,2268.60009765625,2292.60009765625,2260.199951171875,2280.0,37.63572474888393,376.36
2025-07-11,2281.0,2284.39990234375,2244.10009765625,2247.60009765625,36.785714285714285,367.86
2025-07-14,2237.800048828125,2263.60009765625,2225.5,2262.5,37.07142857142857,370.71
2025-07-15,2261.39990234375,2273.39990234375,2212.10009765625,2218.300048828125,39.14283970424107,391.43
2025-07-16,2213.5,2243.5,2198.0,2239.60009765625,39.55711146763393,395.57
2025-07-17,2237.60009765625,2271.800048828125,2228.199951171875,2267.5,40.285696847098215,402.86
2025-07-18,2268.5,2283.800048828125,2248.10009765625,2251.0,41.635689871651785,416.36
2025-07-21,2251.300048828125,2272.39990234375,2240.5,2242.300048828125,39.285679408482146,392.86
2025-07-22,2246.800048828125,2266.10009765625,2234.10009765625,2260.699951171875,38.721400669642854,387.21
2025-07-23,2263.89990234375,2296.5,2262.300048828125,2294.800048828125,38.728550502232146,387.29
2025-07-24,2292.699951171875,2293.0,2262.699951171875,2263.60009765625,39.092843191964285,390.93
2025-07-25,2267.10009765625,2276.10009765625,2252.199951171875,2271.300048828125,37.535696847098215,375.36
2025-07-28,2282.89990234375,2293.199951171875,2261.0,2269.300048828125,37.278564453125,372.79
2025-07-29,2267.89990234375,2284.800048828125,2247.199951171875,2253.60009765625,37.314296177455354,373.14
2025-07-30,2255.199951171875,2276.0,2226.0,2241.5,38.57142857142857,385.71
2025-07-31,2228.5,2245.699951171875,2213.800048828125,2220.199951171875,37.971435546875,379.71
2025-08-01,2217.300048828125,2223.5,2146.800048828125,2173.10009765625,40.728567940848215,407.29
2025-08-04,2173.39990234375,2228.300048828125,2167.10009765625,2220.10009765625,40.721435546875,407.21
2025-08-05,2228.39990234375,2236.39990234375,2205.800048828125,2232.10009765625,39.657139369419646,396.57
2025-08-06,2234.199951171875,2251.699951171875,2216.89990234375,2229.10009765625,39.028564453125,390.29
2025-08-07,2230.0,2254.39990234375,2208.10009765625,2221.800048828125,39.785696847098215,397.86
2025-08-08,2226.199951171875,2238.89990234375,2219.800048828125,2226.10009765625,38.871407645089285,388.71
2025-08-11,2233.699951171875,2239.5,2220.300048828125,2224.800048828125,37.957118443080354,379.57
2025-08-12,2224.800048828125,2293.60009765625,2222.89990234375,2291.199951171875,40.449986049107146,404.5
2025-08-13,2292.0,2338.10009765625,2290.39990234375,2336.10009765625,41.564278738839285,415.64
2025-08-14,2332.300048828125,2337.0,2284.199951171875,2305.199951171875,43.62855747767857,436.29
2025-08-15,2306.5,2319.60009765625,2281.699951171875,2292.699951171875,44.035714285714285,440.36
2025-08-18,2289.5,2306.5,2289.39990234375,2301.60009765625,42.57142857142857,425.71
2025-08-19,2301.60009765625,2311.39990234375,2278.10009765625,2283.60009765625,41.37855747767857,413.79
2025-08-20,2283.89990234375,2286.800048828125,2257.800048828125,2274.800048828125,41.171421595982146,411.71
2025-08-21,2276.60009765625,2284.0,2258.10009765625,2280.60009765625,37.5428466796875,375.43
2025-08-22,2283.5,2374.89990234375,2274.60009765625,2368.89990234375,40.335693359375,403.36
2025-08-25,2369.300048828125,2373.5,2342.60009765625,2344.10009765625,40.357125418526785,403.57
2025-08-26,2346.10009765625,2368.699951171875,2330.800048828125,2364.10009765625,40.578543526785715,405.79
2025-08-27,2365.10009765625,2383.0,2355.0,2379.699951171875,39.271414620535715,392.71
2025-08-28,2381.39990234375,2398.60009765625,2373.300048828125,2382.199951171875,39.714285714285715,397.14
2025-08-29,2382.800048828125,2390.5,2362.199951171875,2369.800048828125,40.364292689732146,403.64
2025-09-02,2373.0,2376.5,2326.10009765625,2357.0,38.914271763392854,389.14
2025-09-03,2353.0,2370.10009765625,2338.39990234375,2353.699951171875,37.771414620535715,377.71
2025-09-04,2357.39990234375,2385.300048828125,2352.89990234375,2383.300048828125,36.314278738839285,363.14
2025-09-05,2382.0,2413.5,2365.60009765625,2393.5,37.02854701450893,370.29
2025-09-08,2391.800048828125,2404.39990234375,2379.699951171875,2398.39990234375,37.57139369419643,375.71
2025-09-09,2398.199951171875,2404.699951171875,2369.89990234375,2384.60009765625,37.678553989955354,376.79
2025-09-10,2378.800048828125,2401.0,2370.199951171875,2379.699951171875,37.80712890625,378.07
2025-09-11,2376.0,2424.699951171875,2370.0,2423.10009765625,39.86427525111607,398.64
2025-09-12,2420.0,2420.39990234375,2396.10009765625,2397.89990234375,34.628574916294646,346.29
2025-09-15,2398.0,2414.60009765625,2397.60009765625,2407.39990234375,33.63572474888393,336.36
2025-09-16,2404.89990234375,2414.300048828125,2388.300048828125,2403.199951171875,32.785731724330354,327.86
2025-09-17,2405.89990234375,2463.300048828125,2391.0,2409.39990234375,35.950020926339285,359.5
2025-09-18,2412.300048828125,2472.300048828125,2412.0,2468.800048828125,38.6357421875,386.36
2025-09-19,2475.5,2485.10009765625,2461.699951171875,2472.0400390625,38.28574916294643,382.86
2025-09-22,2469.5,2486.5,2448.300048828125,2481.89990234375,37.41432407924107,374.14
2025-09-23,2481.800048828125,2510.300048828125,2472.39990234375,2477.0,37.857177734375,378.57
2025-09-24,2476.39990234375,2484.10009765625,2453.0,2454.10009765625,37.764317103794646,377.64
2025-09-25,2459.699951171875,2463.10009765625,2412.10009765625,2430.0,37.985752650669646,379.86
2025-09-26,2431.699951171875,2453.0,2420.89990234375,2450.39990234375,38.514334542410715,385.14
2025-09-29,2449.199951171875,2468.699951171875,2443.5,2450.800048828125,37.82861328125,378.29
2025-09-30,2448.699951171875,2457.0,2428.699951171875,2455.5,37.65004185267857,376.5
2025-10-01,2450.0,2465.5,2424.699951171875,2460.10009765625,36.657191685267854,366.57
2025-10-02,2458.800048828125,2474.89990234375,2448.5,2474.10009765625,36.614327566964285,366.14
2025-10-03,2474.199951171875,2515.0,2472.5,2492.10009765625,38.435756138392854,384.36
2025-10-06,2491.89990234375,2518.5,2491.60009765625,2501.0,38.500034877232146,385.0
2025-10-07,2503.10009765625,2509.60009765625,2464.60009765625,2473.5,36.55003138950893,365.5
2025-10-08,2477.199951171875,2502.39990234375,2470.0,2499.5,34.37144252232143,343.71
2025-10-09,2500.0,2505.0,2472.10009765625,2483.199951171875,35.049996512276785,350.5
2025-10-10,2485.699951171875,2500.300048828125,2381.800048828125,2408.5,40.785714285714285,407.86
2025-10-13,2421.60009765625,2477.800048828125,2421.60009765625,2474.800048828125,43.028564453125,430.29
2025-10-14,2473.300048828125,2527.89990234375,2433.10009765625,2510.699951171875,47.578543526785715,475.79
2025-10-15,2508.60009765625,2559.89990234375,2502.199951171875,2535.5,48.05711146763393,480.57
2025-10-16,2533.89990234375,2548.60009765625,2470.60009765625,2481.699951171875,51.33567592075893,513.36
2025-10-17,2479.39990234375,2484.300048828125,2430.39990234375,2464.39990234375,53.385689871651785,533.86
2025-10-20,2473.699951171875,2515.39990234375,2460.89990234375,2511.89990234375,55.257114955357146,552.57
2025-10-21,2515.0,2519.199951171875,2485.10009765625,2500.0,54.778529575892854,547.79
2025-10-22,2499.0,2504.800048828125,2436.89990234375,2463.0,57.742832728794646,577.43
2025-10-23,2463.39990234375,2501.199951171875,2455.60009765625,2493.39990234375,57.96425083705357,579.64
2025-10-24,2495.199951171875,2544.0,2495.10009765625,2523.699951171875,59.65712193080357,596.57
2025-10-27,2551.800048828125,2566.5,2524.199951171875,2532.0,59.49998256138393,595.0
2025-10-28,2532.60009765625,2537.699951171875,2509.5,2518.0,59.199986049107146,592.0
2025-10-29,2516.39990234375,2539.300048828125,2473.89990234375,2494.199951171875,61.521432059151785,615.21
2025-10-30,2498.699951171875,2517.199951171875,2467.800048828125,2475.60009765625,56.58571079799107,565.86
2025-10-31,2471.39990234375,2494.89990234375,2463.0,2489.89990234375,53.914271763392854,539.14
2025-11-03,2489.10009765625,2500.39990234375,2450.699951171875,2479.699951171875,50.69285365513393,506.93
2025-11-04,2485.5,2485.699951171875,2432.60009765625,2437.5,50.36427525111607,503.64
2025-11-05,2439.60009765625,2483.39990234375,2419.60009765625,2473.300048828125,49.3499755859375,493.5
2025-11-06,2474.699951171875,2480.800048828125,2424.39990234375,2427.39990234375,49.52854701450893,495.29
2025-11-07,2432.60009765625,2445.89990234375,2386.60009765625,2440.60009765625,49.871390206473215,498.71
2025-11-10,2455.199951171875,2476.39990234375,2446.300048828125,2464.300048828125,49.99281529017857,499.93
2025-11-11,2466.300048828125,2471.39990234375,2448.89990234375,2466.199951171875,46.749947684151785,467.5
2025-11-12,2463.10009765625,2487.60009765625,2456.5,2459.89990234375,45.71425083705357,457.14
2025-11-13,2456.89990234375,2465.5,2380.89990234375,2390.0,48.142822265625,481.43
2025-11-14,2393.5,2409.10009765625,2353.800048828125,2396.0,49.035679408482146,490.36
2025-11-17,2397.0,2408.5,2338.300048828125,2348.199951171875,52.035679408482146,520.36
2025-11-18,2349.800048828125,2371.60009765625,2321.89990234375,2355.699951171875,50.914254324776785,509.14
2025-11-19,2351.89990234375,2384.300048828125,2344.60009765625,2354.89990234375,50.221400669642854,502.21
2025-11-20,2366.199951171875,2411.89990234375,2307.300048828125,2310.699951171875,55.414254324776785,554.14
2025-11-21,2312.0,2390.89990234375,2300.699951171875,2375.300048828125,58.30711146763393,583.07
2025-11-24,2387.800048828125,2423.300048828125,2370.300048828125,2418.800048828125,58.299979073660715,583.0
2025-11-25,2422.39990234375,2475.5,2411.199951171875,2471.300048828125,58.33571079799107,583.36
2025-11-26,2471.300048828125,2507.60009765625,2466.60009765625,2492.800048828125,57.23570033482143,572.36
2025-11-28,2490.89990234375,2508.10009765625,2486.10009765625,2505.10009765625,54.57142857142857,545.71
2025-12-01,2501.0,2505.699951171875,2471.39990234375,2473.39990234375,54.464303152901785,544.64
2025-12-02,2476.300048828125,2493.60009765625,2468.5,2469.699951171875,54.6500244140625,546.5
2025-12-03,2471.10009765625,2516.10009765625,2468.10009765625,2514.199951171875,55.85716029575893,558.57
2025-12-04,2514.5,2544.199951171875,2502.699951171875,2535.5,52.77858189174107,527.79
2025-12-05,2532.10009765625,2543.300048828125,2519.199951171875,2524.39990234375,50.550013950892854,505.5
2025-12-08,2528.0,2545.800048828125,2518.0,2525.10009765625,47.521449497767854,475.21
2025-12-09,2522.89990234375,2545.699951171875,2516.60009765625,2529.39990234375,46.049996512276785,460.5
2025-12-10,2530.300048828125,2581.800048828125,2519.699951171875,2563.89990234375,47.65000697544643,476.5
2025-12-11,2570.5,2598.699951171875,2543.39990234375,2593.199951171875,44.128592354910715,441.29
2025-12-12,2598.89990234375,2605.0,2549.300048828125,2553.699951171875,41.664306640625,416.64
2025-12-15,2552.800048828125,2577.300048828125,2532.199951171875,2534.699951171875,41.100027901785715,411.0
2025-12-16,2533.89990234375,2546.0,2505.39990234375,2521.800048828125,39.407174246651785,394.07
2025-12-17,2518.89990234375,2544.0,2489.39990234375,2494.699951171875,40.378609793526785,403.79
2025-12-18,2499.699951171875,2535.89990234375,2492.89990234375,2510.10009765625,41.878609793526785,418.79
2025-12-19,2502.300048828125,2519.0,2502.300048828125,2509.56005859375,40.6214599609375,406.21
2025-12-22,2550.0,2590.300048828125,2549.10009765625,2574.89990234375,44.595738002232146,445.96
2025-12-23,2575.39990234375,2577.60009765625,2552.800048828125,2559.10009765625,42.9385986328125,429.39
2025-12-24,2557.39990234375,2567.10009765625,2548.300048828125,2566.10009765625,41.317173549107146,413.17
2025-12-26,2565.300048828125,2567.800048828125,2540.800048828125,2551.39990234375,41.52430943080357,415.24
2025-12-29,2551.60009765625,2556.89990234375,2530.300048828125,2536.199951171875,41.43858119419643,414.39
2025-12-30,2537.10009765625,2542.199951171875,2517.0,2517.699951171875,41.16001674107143,411.6
2025-12-31,2516.300048828125,2520.60009765625,2496.60009765625,2498.0,38.43858119419643,384.39
2026-01-02,2501.39990234375,2525.89990234375,2493.5,2522.5,36.8028564453125,368.03
2026-01-05,2524.199951171875,2570.800048828125,2517.199951171875,2562.5,36.652866908482146,366.53
2026-01-06,2562.0,2597.699951171875,2549.800048828125,2596.5,36.852852957589285,368.53
2026-01-07,2596.5,2603.300048828125,2574.0,2589.5,36.045706612723215,360.46
2026-01-08,2591.5,2626.10009765625,2573.800048828125,2618.39990234375,35.881417410714285,358.81
2026-01-09,2624.0,2650.300048828125,2614.199951171875,2636.89990234375,35.38856724330357,353.89
2026-01-12,2638.89990234375,2651.0,2616.300048828125,2649.300048828125,36.674281529017854,366.74
2026-01-13,2644.39990234375,2677.0,2638.10009765625,2647.800048828125,33.685703822544646,336.86
2026-01-14,2646.39990234375,2669.0,2635.39990234375,2666.10009765625,34.314278738839285,343.14
2026-01-15,2660.699951171875,2704.89990234375,2654.5,2688.39990234375,36.5714111328125,365.71
2026-01-16,2690.89990234375,2705.60009765625,2680.0,2691.199951171875,36.47141810825893,364.71
2026-01-20,2670.0,2683.60009765625,2631.0,2658.699951171875,38.871425083705354,388.71
2026-01-21,2664.0,2719.10009765625,2651.10009765625,2710.800048828125,41.92857142857143,419.29
2026-01-22,2712.89990234375,2749.199951171875,2710.300048828125,2730.800048828125,42.992850167410715,429.93
2026-01-23,2728.60009765625,2737.199951171875,2670.199951171875,2679.60009765625,45.464285714285715,454.64
2026-01-26,2661.0,2697.89990234375,2643.89990234375,2670.89990234375,45.492850167410715,454.93
2026-01-27,2669.800048828125,2682.699951171875,2656.39990234375,2677.60009765625,43.950003487723215,439.5
2026-01-28,2678.89990234375,2697.5,2655.699951171875,2663.10009765625,44.842860630580354,448.43
2026-01-29,2663.10009765625,2680.699951171875,2623.5,2664.10009765625,45.19285365513393,451.93
2026-01-30,2657.0,2658.60009765625,2607.5,2624.60009765625,46.657139369419646,466.57
2026-02-02,2615.0,2666.300048828125,2575.89990234375,2650.300048828125,50.63572474888393,506.36
2026-02-03,2645.0,2678.89990234375,2613.10009765625,2656.800048828125,52.55714634486607,525.57
2026-02-04,2656.10009765625,2674.60009765625,2598.60009765625,2632.699951171875,55.58571079799107,555.86
2026-02-05,2634.60009765625,2648.199951171875,2577.300048828125,2586.800048828125,57.049996512276785,570.5
2026-02-06,2585.699951171875,2684.10009765625,2566.800048828125,2677.89990234375,63.59999302455357,636.0
2026-02-09,2677.0,2703.60009765625,2659.800048828125,2696.10009765625,62.42857142857143,624.29
2026-02-10,2693.5,2712.199951171875,2685.10009765625,2688.300048828125,59.507132393973215,595.07
2026-02-11,2691.10009765625,2720.0,2646.699951171875,2675.60009765625,61.964285714285715,619.64
2026-02-12,2679.10009765625,2700.39990234375,2608.89990234375,2621.10009765625,63.714285714285715,637.14
2026-02-13,2621.0,2675.699951171875,2607.300048828125,2653.10009765625,64.74285016741071,647.43
2026-02-17,2650.89990234375,2667.10009765625,2613.699951171875,2653.60009765625,66.67857142857143,666.79
2026-02-18,2652.89990234375,2692.800048828125,2641.699951171875,2662.89990234375,67.34286063058036,673.43
2026-02-19,2662.0,2671.300048828125,2633.5,2669.10009765625,65.9571533203125,659.57
2026-02-20,2666.699951171875,2696.0,2641.10009765625,2668.800048828125,65.83571079799107,658.36
2026-02-23,2666.5,2666.5,2602.699951171875,2626.300048828125,64.09999302455357,641.0
2026-02-24,2631.800048828125,2663.5,2620.10009765625,2655.0,62.5,625.0
2026-02-25,2654.300048828125,2678.60009765625,2645.800048828125,2667.699951171875,59.41428920200893,594.14
2026-02-26,2667.89990234375,2683.39990234375,2642.0,2680.60009765625,57.30714634486607,573.07
2026-02-27,2665.5,2666.5,2617.699951171875,2634.699951171875,53.421439034598215,534.21
2026-03-02,2608.800048828125,2663.300048828125,2573.10009765625,2657.89990234375,56.7357177734375,567.36
2026-03-03,2654.39990234375,2658.800048828125,2551.800048828125,2612.10009765625,62.44287109375,624.43
2026-03-04,2607.0,2649.300048828125,2582.800048828125,2637.60009765625,61.9571533203125,619.57
2026-03-05,2636.800048828125,2645.39990234375,2559.89990234375,2586.39990234375,61.52858189174107,615.29
2026-03-06,2585.39990234375,2603.300048828125,2516.60009765625,2526.699951171875,62.835728236607146,628.36
2026-03-09,2499.199951171875,2564.39990234375,2416.89990234375,2553.89990234375,69.55714634486607,695.57
2026-03-10,2553.300048828125,2594.39990234375,2523.89990234375,2550.5,70.94285365513393,709.43
2026-03-11,2552.0,2566.39990234375,2522.60009765625,2545.0,71.37140764508929,713.71
2026-03-12,2539.699951171875,2539.800048828125,2476.5,2491.0,72.34284319196429,723.43
2026-03-13,2495.0,2521.89990234375,2470.10009765625,2480.89990234375,71.32139369419643,713.21
2026-03-16,2468.5,2530.10009765625,2463.10009765625,2505.0,73.00711495535714,730.07
2026-03-17,2500.0,2536.800048828125,2475.0,2520.199951171875,75.07854352678571,750.79
2026-03-18,2519.199951171875,2547.89990234375,2468.39990234375,2479.39990234375,77.79997907366071,778.0
2026-03-19,2482.89990234375,2520.10009765625,2442.0,2495.60009765625,78.88568987165179,788.86
2026-03-20,2503.699951171875,2513.89990234375,2465.0,2496.39990234375,75.93568638392857,759.36
2026-03-23,2429.10009765625,2574.5,2415.300048828125,2509.60009765625,79.66425432477679,796.64
2026-03-24,2510.199951171875,2567.800048828125,2478.300048828125,2522.300048828125,81.30711146763393,813.07
2026-03-25,2551.10009765625,2565.60009765625,2529.300048828125,2551.800048828125,78.29282924107143,782.93
2026-03-26,2549.39990234375,2558.39990234375,2505.0,2508.199951171875,75.91425432477679,759.14
2026-03-27,2514.60009765625,2532.10009765625,2452.699951171875,2464.0,71.04997907366071,710.5
2026-03-30,2445.0,2498.89990234375,2418.800048828125,2428.199951171875,71.73568289620536,717.36
2026-03-31,2427.199951171875,2522.5,2409.39990234375,2512.199951171875,76.68570382254464,766.86
2026-04-01,2508.800048828125,2557.0,2507.60009765625,2526.699951171875,75.3214111328125,753.21
2026-04-02,2529.89990234375,2555.10009765625,2467.800048828125,2544.0,77.85714285714286,778.57
2026-04-06,2527.89990234375,2561.60009765625,2511.39990234375,2554.800048828125,76.65715680803571,766.57
2026-04-07,2551.300048828125,2568.699951171875,2525.199951171875,2560.10009765625,75.35001046316964,753.5
2026-04-08,2575.800048828125,2665.0,2557.39990234375,2635.699951171875,77.35716029575893,773.57
2026-04-09,2631.800048828125,2660.89990234375,2613.5,2651.60009765625,75.16428920200893,751.64
2026-04-10,2649.699951171875,2674.5,2634.10009765625,2644.39990234375,74.55714634486607,745.57
2026-04-13,2607.800048828125,2685.89990234375,2591.800048828125,2682.300048828125,69.90713936941964,699.07
2026-04-14,2688.199951171875,2726.0,2684.10009765625,2718.10009765625,66.63570731026786,666.36
2026-04-15,2717.89990234375,2727.39990234375,2707.300048828125,2725.5,64.97855050223214,649.79
2026-04-16,2724.60009765625,2734.5,2711.39990234375,2730.800048828125,62.814278738839285,628.14
2026-04-17,2733.0,2807.800048828125,2731.89990234375,2788.89990234375,62.64283970424107,626.43
2026-04-20,2758.699951171875,2809.39990234375,2745.89990234375,2804.39990234375,61.45713588169643,614.57
2026-04-21,2805.60009765625,2828.699951171875,2767.699951171875,2775.199951171875,57.73570033482143,577.36
2026-04-22,2788.699951171875,2810.60009765625,2779.300048828125,2795.300048828125,56.7357177734375,567.36
2026-04-23,2793.199951171875,2808.89990234375,2748.89990234375,2786.199951171875,54.785714285714285,547.86
2026-04-24,2782.199951171875,2810.699951171875,2770.5,2796.10009765625,54.0714111328125,540.71
2026-04-27,2792.699951171875,2811.60009765625,2779.39990234375,2799.60009765625,53.2642822265625,532.64
2026-04-28,2799.300048828125,2809.5,2757.199951171875,2767.39990234375,49.314278738839285,493.14
2026-04-29,2770.39990234375,2778.10009765625,2730.300048828125,2747.800048828125,49.342860630580354,493.43
2026-04-30,2739.0,2815.60009765625,2726.10009765625,2807.800048828125,52.850010463169646,528.5
2026-05-01,2813.300048828125,2825.0,2792.5,2819.300048828125,48.450020926339285,484.5
2026-05-04,2825.89990234375,2834.800048828125,2786.800048828125,2804.60009765625,48.757167271205354,487.57
2026-05-05,2803.39990234375,2856.199951171875,2802.199951171875,2852.89990234375,51.17860630580357,511.79
2026-05-06,2847.699951171875,2918.39990234375,2847.699951171875,2895.199951171875,54.57859584263393,545.79
2026-05-07,2891.89990234375,2907.699951171875,2837.699951171875,2848.89990234375,54.07859584263393,540.79
2026-05-08,2842.60009765625,2875.699951171875,2835.300048828125,2867.60009765625,52.4285888671875,524.29
2026-05-11,2863.0,2896.199951171875,2846.10009765625,2878.89990234375,51.65000697544643,516.5
2026-05-12,2878.800048828125,2883.89990234375,2807.699951171875,2850.39990234375,54.564278738839285,545.64
2026-05-13,2849.5,2862.39990234375,2824.10009765625,2852.300048828125,53.01426478794643,530.14
2026-05-14,2852.199951171875,2881.39990234375,2844.5,2869.39990234375,52.77854701450893,527.79
2026-05-15,2868.199951171875,2869.199951171875,2787.89990234375,2799.60009765625,56.299961635044646,563.0
2026-05-18,2788.800048828125,2817.300048828125,2762.0,2782.699951171875,56.514247349330354,565.14
2026-05-19,2782.5,2794.39990234375,2728.39990234375,2753.199951171875,57.814243861607146,578.14
2026-05-20,2752.699951171875,2823.199951171875,2740.39990234375,2821.0,57.33567592075893,573.36
2026-05-21,2818.199951171875,2858.699951171875,2792.89990234375,2847.300048828125,59.71425083705357,597.14
2026-05-22,2847.800048828125,2887.0,2842.699951171875,2872.10009765625,59.44996861049107,594.5
2026-05-26,2888.0,2928.300048828125,2887.89990234375,2925.0,59.607107979910715,596.07
2026-05-27,2925.300048828125,2952.0,2913.39990234375,2924.699951171875,57.314261300223215,573.14
2026-05-28,2929.89990234375,2948.60009765625,2898.800048828125,2941.800048828125,55.871407645089285,558.71
2026-05-29,2938.699951171875,2942.699951171875,2902.699951171875,2924.300048828125,55.842843191964285,558.43
2026-06-01,2920.5,2935.10009765625,2882.300048828125,2909.699951171875,56.035714285714285,560.36
2026-06-02,2905.10009765625,2938.39990234375,2889.300048828125,2936.0,54.09999302455357,541.0
2026-06-03,2936.0,2938.0,2886.699951171875,2895.39990234375,55.02858189174107,550.29
2026-06-04,2892.800048828125,2948.300048828125,2885.10009765625,2939.300048828125,56.907156808035715,569.07
2026-06-05,2934.300048828125,2934.5,2812.39990234375,2834.800048828125,60.1500244140625,601.5
2026-06-08,2816.300048828125,2886.0,2807.699951171875,2859.5,61.792881556919646,617.93
2026-06-09,2857.10009765625,2926.60009765625,2793.699951171875,2868.300048828125,66.57146344866071,665.71
2026-06-10,2863.60009765625,2908.10009765625,2824.800048828125,2838.800048828125,66.607177734375,666.07
2026-06-11,2831.5,2928.89990234375,2813.199951171875,2922.10009765625,70.17145647321429,701.71
2026-06-12,2922.10009765625,2974.199951171875,2910.300048828125,2947.0,71.57144601004464,715.71
2026-06-15,2984.0,3005.0,2962.699951171875,2968.199951171875,71.70002092633929,717.0
2026-06-16,2967.39990234375,2991.10009765625,2938.300048828125,2942.800048828125,72.71430315290179,727.14
2026-06-17,2941.199951171875,2979.800048828125,2910.300048828125,2919.60009765625,74.12144252232143,741.21
2026-06-18,2925.0,2972.300048828125,2925.0,2960.72998046875,75.02858189174107,750.29
2026-06-22,2989.89990234375,3039.0,2970.800048828125,3024.10009765625,76.84786551339286,768.48
2026-06-23,3022.39990234375,3028.39990234375,2965.199951171875,2998.199951171875,77.85501534598214,778.55
2026-06-24,2998.39990234375,3041.39990234375,2987.199951171875,3013.5,78.06215122767857,780.62
2026-06-25,3023.699951171875,3062.39990234375,3010.5,3030.699951171875,77.2550048828125,772.55
2026-06-26,3034.699951171875,3045.699951171875,2999.60009765625,3022.60009765625,71.48355538504464,714.84
2026-06-29,3020.89990234375,3044.89990234375,2987.800048828125,3030.60009765625,69.96925571986607,699.69
2026-06-30,3026.10009765625,3050.60009765625,3015.10009765625,3045.60009765625,63.01210239955357,630.12
2026-07-01,3040.0,3068.39990234375,3023.699951171875,3035.10009765625,60.254952566964285,602.55
2026-07-02,3030.89990234375,3062.39990234375,2988.5,3014.199951171875,57.269234793526785,572.69
2026-07-06,3019.699951171875,3042.10009765625,3006.699951171875,3027.0,55.23353794642857,552.34
2026-07-07,3033.39990234375,3042.60009765625,2988.800048828125,2998.800048828125,54.933541434151785,549.34
2026-07-08,2994.300048828125,3004.300048828125,2943.39990234375,2971.5,55.512119838169646,555.12
2026-07-09,2965.800048828125,3014.89990234375,2964.300048828125,3008.39990234375,54.162109375,541.62
2026-07-10,3008.10009765625,3019.5,2970.800048828125,2994.0,53.876395089285715,538.76
2026-07-13,2984.699951171875,2995.800048828125,2961.800048828125,2970.39990234375,50.71425083705357,507.14
2026-07-14,2967.199951171875,3029.800048828125,2956.199951171875,2979.89990234375,51.457118443080354,514.57
2026-07-15,2981.199951171875,3006.10009765625,2974.39990234375,2991.800048828125,49.84999302455357,498.5
2026-07-16,2995.300048828125,3012.800048828125,2972.699951171875,2990.699951171875,49.007149832589285,490.07
2026-07-17,2991.699951171875,2994.800048828125,2949.300048828125,2973.5,48.964303152901785,489.64
2026-07-20,2964.5,2998.699951171875,2952.699951171875,2955.199951171875,48.171456473214285,481.71
2026-07-21,2955.800048828125,2999.800048828125,2951.10009765625,2997.0,49.114310128348215,491.14
2026-07-22,2997.0,2998.699951171875,2965.5,2969.800048828125,48.292881556919646,482.93
2026-07-23,2974.60009765625,2979.0,2932.10009765625,2951.699951171875,46.364310128348215,463.64
2026-07-24,2948.5,2969.699951171875,2934.5,2941.300048828125,46.350010463169646,463.5
2026-07-27,2955.5,2985.89990234375,2941.199951171875,2960.0,45.700003487723215,457.0
2026-07-28,2961.5,2968.300048828125,2933.39990234375,2964.5,43.842860630580354,438.43
2026-07-29,2966.89990234375,2978.300048828125,2902.300048828125,2915.39990234375,45.657156808035715,456.57
2026-07-30,2906.60009765625,2957.89990234375,2905.60009765625,2954.300048828125,45.91428920200893,459.14
2026-07-31,2954.0,2976.300048828125,2905.300048828125,2938.0,48.55714634486607,485.57
2026-08-03,2950.0,2994.60009765625,2948.39990234375,2989.300048828125,47.342860630580354,473.43
2026-08-04,2992.39990234375,3051.800048828125,2986.10009765625,3044.699951171875,49.771414620535715,497.71
2026-08-05,3049.10009765625,3058.300048828125,3023.300048828125,3025.39990234375,49.40712193080357,494.07
2026-08-06,3028.5,3041.0,3004.89990234375,3009.10009765625,48.73570033482143,487.36
2026-08-07,3008.5,3046.800048828125,3002.0,3041.60009765625,48.649989536830354,486.5
2026-08-10,3038.89990234375,3044.60009765625,3016.0,3025.0,47.214285714285715,472.14
2026-08-11,3024.699951171875,3045.800048828125,3019.89990234375,3035.5,46.69287109375,466.93
2026-08-12,3036.10009765625,3060.0,3033.10009765625,3052.800048828125,45.26429966517857,452.64
2026-08-13,3056.199951171875,3076.300048828125,3052.5,3060.199951171875,44.450020926339285,444.5
2026-08-14,3062.199951171875,3076.300048828125,3051.699951171875,3074.89990234375,43.014317103794646,430.14
2026-08-17,3073.5,3079.89990234375,3055.89990234375,3064.89990234375,42.23573521205357,422.36
2026-08-18,3063.699951171875,3066.60009765625,3024.10009765625,3026.39990234375,39.84287806919643,398.43
2026-08-19,3025.89990234375,3059.10009765625,3019.800048828125,3039.89990234375,38.91432407924107,389.14
2026-08-20,3041.39990234375,3048.5,2993.199951171875,2999.199951171875,37.792898995535715,377.93
2026-08-21,2999.60009765625,3026.699951171875,2997.89990234375,3022.10009765625,35.807181222098215,358.07
2026-08-24,3023.0,3028.89990234375,2996.0,3001.60009765625,33.464320591517854,334.64
2026-08-25,3014.60009765625,3014.60009765625,3007.5,3013.60009765625,31.892892020089285,318.93
